file,line,type,commit,author,date,time,timezone,datetime,depth,length
style.css,1,css,dc6a07f1,leen324,2025-10-11,20:51:19,-07:00,2025-10-11T20:51:19-07:00,0,4
style.css,2,css,dc6a07f1,leen324,2025-10-11,20:51:19,-07:00,2025-10-11T20:51:19-07:00,2,41
style.css,3,css,dc6a07f1,leen324,2025-10-11,20:51:19,-07:00,2025-10-11T20:51:19-07:00,2,32
style.css,4,css,dc6a07f1,leen324,2025-10-11,20:51:19,-07:00,2025-10-11T20:51:19-07:00,0,0
style.css,5,css,dc6a07f1,leen324,2025-10-11,20:51:19,-07:00,2025-10-11T20:51:19-07:00,0,0
style.css,6,css,dc6a07f1,leen324,2025-10-11,20:51:19,-07:00,2025-10-11T20:51:19-07:00,0,4
style.css,7,css,dc6a07f1,leen324,2025-10-11,20:51:19,-07:00,2025-10-11T20:51:19-07:00,2,43
style.css,8,css,dc6a07f1,leen324,2025-10-11,20:51:19,-07:00,2025-10-11T20:51:19-07:00,4,42
style.css,9,css,dc6a07f1,leen324,2025-10-11,20:51:19,-07:00,2025-10-11T20:51:19-07:00,3,0
style.css,10,css,dc6a07f1,leen324,2025-10-11,20:51:19,-07:00,2025-10-11T20:51:19-07:00,2,23
style.css,11,css,dc6a07f1,leen324,2025-10-11,20:51:19,-07:00,2025-10-11T20:51:19-07:00,0,0
style.css,12,css,dc6a07f1,leen324,2025-10-11,20:51:19,-07:00,2025-10-11T20:51:19-07:00,2,15
style.css,13,css,dc6a07f1,leen324,2025-10-11,20:51:19,-07:00,2025-10-11T20:51:19-07:00,2,42
style.css,14,css,dc6a07f1,leen324,2025-10-11,20:51:19,-07:00,2025-10-11T20:51:19-07:00,2,11
style.css,15,css,dc6a07f1,leen324,2025-10-11,20:51:19,-07:00,2025-10-11T20:51:19-07:00,0,0
style.css,16,css,dc6a07f1,leen324,2025-10-11,20:51:19,-07:00,2025-10-11T20:51:19-07:00,1,0
style.css,17,css,dc6a07f1,leen324,2025-10-11,20:51:19,-07:00,2025-10-11T20:51:19-07:00,0,0
style.css,18,css,42ea69e3,leen324,2025-10-11,21:43:09,-07:00,2025-10-11T21:43:09-07:00,0,3
style.css,19,css,42ea69e3,leen324,2025-10-11,21:43:09,-07:00,2025-10-11T21:43:09-07:00,2,14
style.css,20,css,42ea69e3,leen324,2025-10-11,21:43:09,-07:00,2025-10-11T21:43:09-07:00,2,11
style.css,21,css,00000000,Not Committed Yet,2025-11-07,20:52:29,-08:00,2025-11-07T20:52:29-08:00,1,0
style.css,22,css,42ea69e3,leen324,2025-10-11,21:43:09,-07:00,2025-10-11T21:43:09-07:00,0,0
style.css,23,css,42ea69e3,leen324,2025-10-11,21:43:09,-07:00,2025-10-11T21:43:09-07:00,0,0
style.css,24,css,dc6a07f1,leen324,2025-10-11,20:51:19,-07:00,2025-10-11T20:51:19-07:00,0,3
style.css,25,css,dc6a07f1,leen324,2025-10-11,20:51:19,-07:00,2025-10-11T20:51:19-07:00,2,12
style.css,26,css,dc6a07f1,leen324,2025-10-11,20:51:19,-07:00,2025-10-11T20:51:19-07:00,2,17
style.css,27,css,dc6a07f1,leen324,2025-10-11,20:51:19,-07:00,2025-10-11T20:51:19-07:00,2,23
style.css,28,css,dc6a07f1,leen324,2025-10-11,20:51:19,-07:00,2025-10-11T20:51:19-07:00,2,25
style.css,29,css,ce9bc518,leen324,2025-10-18,13:33:14,-07:00,2025-10-18T13:33:14-07:00,2,40
style.css,30,css,ce9bc518,leen324,2025-10-18,13:33:14,-07:00,2025-10-18T13:33:14-07:00,2,39
style.css,31,css,ce9bc518,leen324,2025-10-18,13:33:14,-07:00,2025-10-18T13:33:14-07:00,1,41
style.css,32,css,dc6a07f1,leen324,2025-10-11,20:51:19,-07:00,2025-10-11T20:51:19-07:00,0,0
style.css,33,css,dc6a07f1,leen324,2025-10-11,20:51:19,-07:00,2025-10-11T20:51:19-07:00,0,5
style.css,34,css,dc6a07f1,leen324,2025-10-11,20:51:19,-07:00,2025-10-11T20:51:19-07:00,2,6
style.css,35,css,dc6a07f1,leen324,2025-10-11,20:51:19,-07:00,2025-10-11T20:51:19-07:00,2,20
style.css,36,css,dc6a07f1,leen324,2025-10-11,20:51:19,-07:00,2025-10-11T20:51:19-07:00,2,13
style.css,37,css,dc6a07f1,leen324,2025-10-11,20:51:19,-07:00,2025-10-11T20:51:19-07:00,2,17
style.css,38,css,dc6a07f1,leen324,2025-10-11,20:51:19,-07:00,2025-10-11T20:51:19-07:00,2,13
style.css,39,css,dc6a07f1,leen324,2025-10-11,20:51:19,-07:00,2025-10-11T20:51:19-07:00,0,0
style.css,40,css,dc6a07f1,leen324,2025-10-11,20:51:19,-07:00,2025-10-11T20:51:19-07:00,0,0
style.css,41,css,dc6a07f1,leen324,2025-10-11,20:51:19,-07:00,2025-10-11T20:51:19-07:00,0,13
style.css,42,css,dc6a07f1,leen324,2025-10-11,20:51:19,-07:00,2025-10-11T20:51:19-07:00,2,43
style.css,43,css,dc6a07f1,leen324,2025-10-11,20:51:19,-07:00,2025-10-11T20:51:19-07:00,2,20
style.css,44,css,dc6a07f1,leen324,2025-10-11,20:51:19,-07:00,2025-10-11T20:51:19-07:00,0,0
style.css,45,css,dc6a07f1,leen324,2025-10-11,20:51:19,-07:00,2025-10-11T20:51:19-07:00,0,0
style.css,46,css,dc6a07f1,leen324,2025-10-11,20:51:19,-07:00,2025-10-11T20:51:19-07:00,0,11
style.css,47,css,dc6a07f1,leen324,2025-10-11,20:51:19,-07:00,2025-10-11T20:51:19-07:00,2,45
style.css,48,css,dc6a07f1,leen324,2025-10-11,20:51:19,-07:00,2025-10-11T20:51:19-07:00,2,20
style.css,49,css,ce9bc518,leen324,2025-10-18,13:33:14,-07:00,2025-10-18T13:33:14-07:00,2,69
style.css,50,css,dc6a07f1,leen324,2025-10-11,20:51:19,-07:00,2025-10-11T20:51:19-07:00,1,0
style.css,51,css,dc6a07f1,leen324,2025-10-11,20:51:19,-07:00,2025-10-11T20:51:19-07:00,0,0
style.css,52,css,dc6a07f1,leen324,2025-10-11,20:51:19,-07:00,2025-10-11T20:51:19-07:00,0,0
style.css,53,css,dc6a07f1,leen324,2025-10-11,20:51:19,-07:00,2025-10-11T20:51:19-07:00,0,0
style.css,54,css,3d04dc36,leen324,2025-10-18,14:08:03,-07:00,2025-10-18T14:08:03-07:00,0,44
style.css,55,css,dc6a07f1,leen324,2025-10-11,20:51:19,-07:00,2025-10-11T20:51:19-07:00,1,12
style.css,56,css,dc6a07f1,leen324,2025-10-11,20:51:19,-07:00,2025-10-11T20:51:19-07:00,0,0
style.css,57,css,dc6a07f1,leen324,2025-10-11,20:51:19,-07:00,2025-10-11T20:51:19-07:00,0,0
style.css,58,css,dc6a07f1,leen324,2025-10-11,20:51:19,-07:00,2025-10-11T20:51:19-07:00,0,4
style.css,59,css,dc6a07f1,leen324,2025-10-11,20:51:19,-07:00,2025-10-11T20:51:19-07:00,2,12
style.css,60,css,dc6a07f1,leen324,2025-10-11,20:51:19,-07:00,2025-10-11T20:51:19-07:00,2,30
style.css,61,css,dc6a07f1,leen324,2025-10-11,20:51:19,-07:00,2025-10-11T20:51:19-07:00,2,7
style.css,62,css,dc6a07f1,leen324,2025-10-11,20:51:19,-07:00,2025-10-11T20:51:19-07:00,0,0
style.css,63,css,dc6a07f1,leen324,2025-10-11,20:51:19,-07:00,2025-10-11T20:51:19-07:00,0,0
style.css,64,css,dc6a07f1,leen324,2025-10-11,20:51:19,-07:00,2025-10-11T20:51:19-07:00,0,5
style.css,65,css,dc6a07f1,leen324,2025-10-11,20:51:19,-07:00,2025-10-11T20:51:19-07:00,2,12
style.css,66,css,dc6a07f1,leen324,2025-10-11,20:51:19,-07:00,2025-10-11T20:51:19-07:00,2,29
style.css,67,css,dc6a07f1,leen324,2025-10-11,20:51:19,-07:00,2025-10-11T20:51:19-07:00,2,18
style.css,68,css,dc6a07f1,leen324,2025-10-11,20:51:19,-07:00,2025-10-11T20:51:19-07:00,0,0
style.css,69,css,dc6a07f1,leen324,2025-10-11,20:51:19,-07:00,2025-10-11T20:51:19-07:00,0,0
style.css,70,css,dc6a07f1,leen324,2025-10-11,20:51:19,-07:00,2025-10-11T20:51:19-07:00,0,9
style.css,71,css,dc6a07f1,leen324,2025-10-11,20:51:19,-07:00,2025-10-11T20:51:19-07:00,2,12
style.css,72,css,dc6a07f1,leen324,2025-10-11,20:51:19,-07:00,2025-10-11T20:51:19-07:00,2,58
style.css,73,css,dc6a07f1,leen324,2025-10-11,20:51:19,-07:00,2025-10-11T20:51:19-07:00,2,7
style.css,74,css,dc6a07f1,leen324,2025-10-11,20:51:19,-07:00,2025-10-11T20:51:19-07:00,0,0
style.css,75,css,dc6a07f1,leen324,2025-10-11,20:51:19,-07:00,2025-10-11T20:51:19-07:00,0,0
style.css,76,css,dc6a07f1,leen324,2025-10-11,20:51:19,-07:00,2025-10-11T20:51:19-07:00,0,17
style.css,77,css,dc6a07f1,leen324,2025-10-11,20:51:19,-07:00,2025-10-11T20:51:19-07:00,2,12
style.css,78,css,dc6a07f1,leen324,2025-10-11,20:51:19,-07:00,2025-10-11T20:51:19-07:00,2,26
style.css,79,css,dc6a07f1,leen324,2025-10-11,20:51:19,-07:00,2025-10-11T20:51:19-07:00,2,15
style.css,80,css,dc6a07f1,leen324,2025-10-11,20:51:19,-07:00,2025-10-11T20:51:19-07:00,2,7
style.css,81,css,dc6a07f1,leen324,2025-10-11,20:51:19,-07:00,2025-10-11T20:51:19-07:00,0,0
style.css,82,css,dc6a07f1,leen324,2025-10-11,20:51:19,-07:00,2025-10-11T20:51:19-07:00,0,0
style.css,83,css,dc6a07f1,leen324,2025-10-11,20:51:19,-07:00,2025-10-11T20:51:19-07:00,0,0
style.css,84,css,bd330f43,leen324,2025-10-11,21:36:34,-07:00,2025-10-11T21:36:34-07:00,0,20
style.css,85,css,dc6a07f1,leen324,2025-10-11,20:51:19,-07:00,2025-10-11T20:51:19-07:00,2,8
style.css,86,css,dc6a07f1,leen324,2025-10-11,20:51:19,-07:00,2025-10-11T20:51:19-07:00,0,0
style.css,87,css,dc6a07f1,leen324,2025-10-11,20:51:19,-07:00,2025-10-11T20:51:19-07:00,0,0
style.css,88,css,dc6a07f1,leen324,2025-10-11,20:51:19,-07:00,2025-10-11T20:51:19-07:00,0,22
style.css,89,css,dc6a07f1,leen324,2025-10-11,20:51:19,-07:00,2025-10-11T20:51:19-07:00,2,15
style.css,90,css,dc6a07f1,leen324,2025-10-11,20:51:19,-07:00,2025-10-11T20:51:19-07:00,2,17
style.css,91,css,bd330f43,leen324,2025-10-11,21:36:34,-07:00,2025-10-11T21:36:34-07:00,1,0
style.css,92,css,bd330f43,leen324,2025-10-11,21:36:34,-07:00,2025-10-11T21:36:34-07:00,0,0
style.css,93,css,bd330f43,leen324,2025-10-11,21:36:34,-07:00,2025-10-11T21:36:34-07:00,0,10
style.css,94,css,c32b8762,leen324,2025-10-18,14:54:51,-07:00,2025-10-18T14:54:51-07:00,2,63
style.css,95,css,c32b8762,leen324,2025-10-18,14:54:51,-07:00,2025-10-18T14:54:51-07:00,2,69
style.css,96,css,c32b8762,leen324,2025-10-18,14:54:51,-07:00,2025-10-18T14:54:51-07:00,0,0
style.css,97,css,bd330f43,leen324,2025-10-11,21:36:34,-07:00,2025-10-11T21:36:34-07:00,2,41
style.css,98,css,bd330f43,leen324,2025-10-11,21:36:34,-07:00,2025-10-11T21:36:34-07:00,2,20
style.css,99,css,bd330f43,leen324,2025-10-11,21:36:34,-07:00,2025-10-11T21:36:34-07:00,2,19
style.css,100,css,bd330f43,leen324,2025-10-11,21:36:34,-07:00,2025-10-11T21:36:34-07:00,0,0
style.css,101,css,bd330f43,leen324,2025-10-11,21:36:34,-07:00,2025-10-11T21:36:34-07:00,0,0
style.css,102,css,bd330f43,leen324,2025-10-11,21:36:34,-07:00,2025-10-11T21:36:34-07:00,0,21
style.css,103,css,bd330f43,leen324,2025-10-11,21:36:34,-07:00,2025-10-11T21:36:34-07:00,2,44
style.css,104,css,c32b8762,leen324,2025-10-18,14:54:51,-07:00,2025-10-18T14:54:51-07:00,2,69
style.css,105,css,c32b8762,leen324,2025-10-18,14:54:51,-07:00,2025-10-18T14:54:51-07:00,0,0
style.css,106,css,bd330f43,leen324,2025-10-11,21:36:34,-07:00,2025-10-11T21:36:34-07:00,2,20
style.css,107,css,bd330f43,leen324,2025-10-11,21:36:34,-07:00,2025-10-11T21:36:34-07:00,2,19
style.css,108,css,ce9bc518,leen324,2025-10-18,13:33:14,-07:00,2025-10-18T13:33:14-07:00,1,0
style.css,109,css,ce9bc518,leen324,2025-10-18,13:33:14,-07:00,2025-10-18T13:33:14-07:00,0,0
style.css,110,css,3d04dc36,leen324,2025-10-18,14:08:03,-07:00,2025-10-18T14:08:03-07:00,0,13
style.css,111,css,3d04dc36,leen324,2025-10-18,14:08:03,-07:00,2025-10-18T14:08:03-07:00,1,17
style.css,112,css,3d04dc36,leen324,2025-10-18,14:08:03,-07:00,2025-10-18T14:08:03-07:00,1,8
style.css,113,css,3d04dc36,leen324,2025-10-18,14:08:03,-07:00,2025-10-18T14:08:03-07:00,1,10
style.css,114,css,3d04dc36,leen324,2025-10-18,14:08:03,-07:00,2025-10-18T14:08:03-07:00,1,13
style.css,115,css,3d04dc36,leen324,2025-10-18,14:08:03,-07:00,2025-10-18T14:08:03-07:00,1,19
style.css,116,css,3d04dc36,leen324,2025-10-18,14:08:03,-07:00,2025-10-18T14:08:03-07:00,0,0
style.css,117,css,3d04dc36,leen324,2025-10-18,14:08:03,-07:00,2025-10-18T14:08:03-07:00,0,0
style.css,118,css,61d83e14,leen324,2025-10-31,21:24:15,-07:00,2025-10-31T21:24:15-07:00,0,0
style.css,119,css,61d83e14,leen324,2025-10-31,21:24:15,-07:00,2025-10-31T21:24:15-07:00,0,10
style.css,120,css,61d83e14,leen324,2025-10-31,21:24:15,-07:00,2025-10-31T21:24:15-07:00,1,12
style.css,121,css,61d83e14,leen324,2025-10-31,21:24:15,-07:00,2025-10-31T21:24:15-07:00,1,22
style.css,122,css,61d83e14,leen324,2025-10-31,21:24:15,-07:00,2025-10-31T21:24:15-07:00,1,7
style.css,123,css,61d83e14,leen324,2025-10-31,21:24:15,-07:00,2025-10-31T21:24:15-07:00,1,14
style.css,124,css,61d83e14,leen324,2025-10-31,21:24:15,-07:00,2025-10-31T21:24:15-07:00,1,17
style.css,125,css,61d83e14,leen324,2025-10-31,21:24:15,-07:00,2025-10-31T21:24:15-07:00,0,0
style.css,126,css,61d83e14,leen324,2025-10-31,21:24:15,-07:00,2025-10-31T21:24:15-07:00,0,0
style.css,127,css,61d83e14,leen324,2025-10-31,21:24:15,-07:00,2025-10-31T21:24:15-07:00,0,14
style.css,128,css,61d83e14,leen324,2025-10-31,21:24:15,-07:00,2025-10-31T21:24:15-07:00,1,14
style.css,129,css,61d83e14,leen324,2025-10-31,21:24:15,-07:00,2025-10-31T21:24:15-07:00,1,15
style.css,130,css,61d83e14,leen324,2025-10-31,21:24:15,-07:00,2025-10-31T21:24:15-07:00,1,13
style.css,131,css,61d83e14,leen324,2025-10-31,21:24:15,-07:00,2025-10-31T21:24:15-07:00,0,0
style.css,132,css,61d83e14,leen324,2025-10-31,21:24:15,-07:00,2025-10-31T21:24:15-07:00,0,0
style.css,133,css,61d83e14,leen324,2025-10-31,21:24:15,-07:00,2025-10-31T21:24:15-07:00,0,7
style.css,134,css,61d83e14,leen324,2025-10-31,21:24:15,-07:00,2025-10-31T21:24:15-07:00,1,6
style.css,135,css,61d83e14,leen324,2025-10-31,21:24:15,-07:00,2025-10-31T21:24:15-07:00,1,14
style.css,136,css,61d83e14,leen324,2025-10-31,21:24:15,-07:00,2025-10-31T21:24:15-07:00,1,12
style.css,137,css,61d83e14,leen324,2025-10-31,21:24:15,-07:00,2025-10-31T21:24:15-07:00,1,57
style.css,138,css,61d83e14,leen324,2025-10-31,21:24:15,-07:00,2025-10-31T21:24:15-07:00,1,8
style.css,139,css,61d83e14,leen324,2025-10-31,21:24:15,-07:00,2025-10-31T21:24:15-07:00,1,21
style.css,140,css,61d83e14,leen324,2025-10-31,21:24:15,-07:00,2025-10-31T21:24:15-07:00,1,11
style.css,141,css,61d83e14,leen324,2025-10-31,21:24:15,-07:00,2025-10-31T21:24:15-07:00,1,8
style.css,142,css,61d83e14,leen324,2025-10-31,21:24:15,-07:00,2025-10-31T21:24:15-07:00,1,15
style.css,143,css,61d83e14,leen324,2025-10-31,21:24:15,-07:00,2025-10-31T21:24:15-07:00,0,0
style.css,144,css,61d83e14,leen324,2025-10-31,21:24:15,-07:00,2025-10-31T21:24:15-07:00,0,0
style.css,145,css,61d83e14,leen324,2025-10-31,21:24:15,-07:00,2025-10-31T21:24:15-07:00,0,12
style.css,146,css,61d83e14,leen324,2025-10-31,21:24:15,-07:00,2025-10-31T21:24:15-07:00,1,12
style.css,147,css,61d83e14,leen324,2025-10-31,21:24:15,-07:00,2025-10-31T21:24:15-07:00,1,18
style.css,148,css,61d83e14,leen324,2025-10-31,21:24:15,-07:00,2025-10-31T21:24:15-07:00,1,9
style.css,149,css,61d83e14,leen324,2025-10-31,21:24:15,-07:00,2025-10-31T21:24:15-07:00,0,0
style.css,150,css,61d83e14,leen324,2025-10-31,21:24:15,-07:00,2025-10-31T21:24:15-07:00,0,0
style.css,151,css,61d83e14,leen324,2025-10-31,21:24:15,-07:00,2025-10-31T21:24:15-07:00,0,20
style.css,152,css,61d83e14,leen324,2025-10-31,21:24:15,-07:00,2025-10-31T21:24:15-07:00,0,20
style.css,153,css,61d83e14,leen324,2025-10-31,21:24:15,-07:00,2025-10-31T21:24:15-07:00,1,9
style.css,154,css,61d83e14,leen324,2025-10-31,21:24:15,-07:00,2025-10-31T21:24:15-07:00,1,10
style.css,155,css,61d83e14,leen324,2025-10-31,21:24:15,-07:00,2025-10-31T21:24:15-07:00,1,29
style.css,156,css,61d83e14,leen324,2025-10-31,21:24:15,-07:00,2025-10-31T21:24:15-07:00,1,17
style.css,157,css,61d83e14,leen324,2025-10-31,21:24:15,-07:00,2025-10-31T21:24:15-07:00,1,20
style.css,158,css,61d83e14,leen324,2025-10-31,21:24:15,-07:00,2025-10-31T21:24:15-07:00,0,0
style.css,159,css,61d83e14,leen324,2025-10-31,21:24:15,-07:00,2025-10-31T21:24:15-07:00,0,0
style.css,160,css,61d83e14,leen324,2025-10-31,21:24:15,-07:00,2025-10-31T21:24:15-07:00,0,10
style.css,161,css,61d83e14,leen324,2025-10-31,21:24:15,-07:00,2025-10-31T21:24:15-07:00,1,17
style.css,162,css,61d83e14,leen324,2025-10-31,21:24:15,-07:00,2025-10-31T21:24:15-07:00,0,0
style.css,163,css,61d83e14,leen324,2025-10-31,21:24:15,-07:00,2025-10-31T21:24:15-07:00,0,0
style.css,164,css,0b0ffb42,leen324,2025-10-31,23:22:37,-07:00,2025-10-31T23:22:37-07:00,0,0
style.css,165,css,0b0ffb42,leen324,2025-10-31,23:22:37,-07:00,2025-10-31T23:22:37-07:00,0,20
style.css,166,css,4dd401a5,leen324,2025-10-31,23:47:03,-07:00,2025-10-31T23:47:03-07:00,0,17
style.css,167,css,61d83e14,leen324,2025-10-31,21:24:15,-07:00,2025-10-31T21:24:15-07:00,1,16
style.css,168,css,61d83e14,leen324,2025-10-31,21:24:15,-07:00,2025-10-31T21:24:15-07:00,2,11
style.css,169,css,61d83e14,leen324,2025-10-31,21:24:15,-07:00,2025-10-31T21:24:15-07:00,1,0
style.css,170,css,4dd401a5,leen324,2025-10-31,23:47:03,-07:00,2025-10-31T23:47:03-07:00,0,0
style.css,171,css,61d83e14,leen324,2025-10-31,21:24:15,-07:00,2025-10-31T21:24:15-07:00,0,0
style.css,172,css,61d83e14,leen324,2025-10-31,21:24:15,-07:00,2025-10-31T21:24:15-07:00,0,4
style.css,173,css,0b0ffb42,leen324,2025-10-31,23:22:37,-07:00,2025-10-31T23:22:37-07:00,1,14
style.css,174,css,61d83e14,leen324,2025-10-31,21:24:15,-07:00,2025-10-31T21:24:15-07:00,1,16
style.css,175,css,0b0ffb42,leen324,2025-10-31,23:22:37,-07:00,2025-10-31T23:22:37-07:00,0,0
style.css,176,css,0b0ffb42,leen324,2025-10-31,23:22:37,-07:00,2025-10-31T23:22:37-07:00,0,0
style.css,177,css,0b0ffb42,leen324,2025-10-31,23:22:37,-07:00,2025-10-31T23:22:37-07:00,0,0
style.css,178,css,0b0ffb42,leen324,2025-10-31,23:22:37,-07:00,2025-10-31T23:22:37-07:00,0,9
style.css,179,css,0b0ffb42,leen324,2025-10-31,23:22:37,-07:00,2025-10-31T23:22:37-07:00,1,35
style.css,180,css,0b0ffb42,leen324,2025-10-31,23:22:37,-07:00,2025-10-31T23:22:37-07:00,0,0
style.css,181,css,0b0ffb42,leen324,2025-10-31,23:22:37,-07:00,2025-10-31T23:22:37-07:00,0,0
style.css,182,css,0b0ffb42,leen324,2025-10-31,23:22:37,-07:00,2025-10-31T23:22:37-07:00,0,19
style.css,183,css,0b0ffb42,leen324,2025-10-31,23:22:37,-07:00,2025-10-31T23:22:37-07:00,1,17
style.css,184,css,0b0ffb42,leen324,2025-10-31,23:22:37,-07:00,2025-10-31T23:22:37-07:00,0,0
style.css,185,css,0b0ffb42,leen324,2025-10-31,23:22:37,-07:00,2025-10-31T23:22:37-07:00,0,0
style.css,186,css,0b0ffb42,leen324,2025-10-31,23:22:37,-07:00,2025-10-31T23:22:37-07:00,0,21
style.css,187,css,0b0ffb42,leen324,2025-10-31,23:22:37,-07:00,2025-10-31T23:22:37-07:00,1,16
style.css,188,css,0b0ffb42,leen324,2025-10-31,23:22:37,-07:00,2025-10-31T23:22:37-07:00,1,61
style.css,189,css,0b0ffb42,leen324,2025-10-31,23:22:37,-07:00,2025-10-31T23:22:37-07:00,1,19
style.css,190,css,61d83e14,leen324,2025-10-31,21:24:15,-07:00,2025-10-31T21:24:15-07:00,0,0
index.js,1,js,73c17d1a,leen324,2025-10-25,23:55:14,-07:00,2025-10-25T23:55:14-07:00,0,71
index.js,2,js,73c17d1a,leen324,2025-10-25,23:55:14,-07:00,2025-10-25T23:55:14-07:00,0,46
index.js,3,js,73c17d1a,leen324,2025-10-25,23:55:14,-07:00,2025-10-25T23:55:14-07:00,0,0
index.js,4,js,73c17d1a,leen324,2025-10-25,23:55:14,-07:00,2025-10-25T23:55:14-07:00,0,54
index.js,5,js,73c17d1a,leen324,2025-10-25,23:55:14,-07:00,2025-10-25T23:55:14-07:00,0,42
index.js,6,js,73c17d1a,leen324,2025-10-25,23:55:14,-07:00,2025-10-25T23:55:14-07:00,0,0
index.js,7,js,73c17d1a,leen324,2025-10-25,23:55:14,-07:00,2025-10-25T23:55:14-07:00,0,60
index.js,8,js,73c17d1a,leen324,2025-10-25,23:55:14,-07:00,2025-10-25T23:55:14-07:00,0,0
index.js,9,js,bbe8b952,leen324,2025-10-26,00:43:41,-07:00,2025-10-26T00:43:41-07:00,0,72
index.js,10,js,bbe8b952,leen324,2025-10-26,00:43:41,-07:00,2025-10-26T00:43:41-07:00,0,54
index.js,11,js,73c17d1a,leen324,2025-10-25,23:55:14,-07:00,2025-10-25T23:55:14-07:00,0,0
index.js,12,js,73c17d1a,leen324,2025-10-25,23:55:14,-07:00,2025-10-25T23:55:14-07:00,0,50
index.js,13,js,73c17d1a,leen324,2025-10-25,23:55:14,-07:00,2025-10-25T23:55:14-07:00,0,0
index.js,14,js,73c17d1a,leen324,2025-10-25,23:55:14,-07:00,2025-10-25T23:55:14-07:00,0,40
index.js,15,js,73c17d1a,leen324,2025-10-25,23:55:14,-07:00,2025-10-25T23:55:14-07:00,0,0
index.js,16,js,73c17d1a,leen324,2025-10-25,23:55:14,-07:00,2025-10-25T23:55:14-07:00,0,60
index.js,17,js,73c17d1a,leen324,2025-10-25,23:55:14,-07:00,2025-10-25T23:55:14-07:00,0,0
index.js,18,js,73c17d1a,leen324,2025-10-25,23:55:14,-07:00,2025-10-25T23:55:14-07:00,0,31
index.js,19,js,73c17d1a,leen324,2025-10-25,23:55:14,-07:00,2025-10-25T23:55:14-07:00,1,24
index.js,20,js,73c17d1a,leen324,2025-10-25,23:55:14,-07:00,2025-10-25T23:55:14-07:00,4,19
index.js,21,js,73c17d1a,leen324,2025-10-25,23:55:14,-07:00,2025-10-25T23:55:14-07:00,4,2
index.js,22,js,73c17d1a,leen324,2025-10-25,23:55:14,-07:00,2025-10-25T23:55:14-07:00,5,55
index.js,23,js,73c17d1a,leen324,2025-10-25,23:55:14,-07:00,2025-10-25T23:55:14-07:00,5,55
index.js,24,js,73c17d1a,leen324,2025-10-25,23:55:14,-07:00,2025-10-25T23:55:14-07:00,5,49
index.js,25,js,73c17d1a,leen324,2025-10-25,23:55:14,-07:00,2025-10-25T23:55:14-07:00,5,49
index.js,26,js,73c17d1a,leen324,2025-10-25,23:55:14,-07:00,2025-10-25T23:55:14-07:00,4,3
index.js,27,js,73c17d1a,leen324,2025-10-25,23:55:14,-07:00,2025-10-25T23:55:14-07:00,2,0
index.js,28,js,73c17d1a,leen324,2025-10-25,23:55:14,-07:00,2025-10-25T23:55:14-07:00,0,0
index.html,1,html,315d493c,leen324,2025-10-11,17:08:40,-07:00,2025-10-11T17:08:40-07:00,0,13
index.html,2,html,315d493c,leen324,2025-10-11,17:08:40,-07:00,2025-10-11T17:08:40-07:00,0,14
index.html,3,html,315d493c,leen324,2025-10-11,17:08:40,-07:00,2025-10-11T17:08:40-07:00,0,4
index.html,4,html,315d493c,leen324,2025-10-11,17:08:40,-07:00,2025-10-11T17:08:40-07:00,2,20
index.html,5,html,315d493c,leen324,2025-10-11,17:08:40,-07:00,2025-10-11T17:08:40-07:00,2,68
index.html,6,html,315d493c,leen324,2025-10-11,17:08:40,-07:00,2025-10-11T17:08:40-07:00,2,51
index.html,7,html,315d493c,leen324,2025-10-11,17:08:40,-07:00,2025-10-11T17:08:40-07:00,2,22
index.html,8,html,5772dca3,leen324,2025-10-11,19:27:24,-07:00,2025-10-11T19:27:24-07:00,2,38
index.html,9,html,ce9bc518,leen324,2025-10-18,13:33:14,-07:00,2025-10-18T13:33:14-07:00,0,0
index.html,10,html,315d493c,leen324,2025-10-11,17:08:40,-07:00,2025-10-11T17:08:40-07:00,0,5
index.html,11,html,315d493c,leen324,2025-10-11,17:08:40,-07:00,2025-10-11T17:08:40-07:00,0,4
index.html,12,html,5772dca3,leen324,2025-10-11,19:27:24,-07:00,2025-10-11T19:27:24-07:00,0,0
index.html,13,html,315d493c,leen324,2025-10-11,17:08:40,-07:00,2025-10-11T17:08:40-07:00,2,16
index.html,14,html,315d493c,leen324,2025-10-11,17:08:40,-07:00,2025-10-11T17:08:40-07:00,2,74
index.html,15,html,0443aca4,leen324,2025-10-11,18:57:58,-07:00,2025-10-11T18:57:58-07:00,2,114
index.html,16,html,0443aca4,leen324,2025-10-11,18:57:58,-07:00,2025-10-11T18:57:58-07:00,0,0
index.html,17,html,73c17d1a,leen324,2025-10-25,23:55:14,-07:00,2025-10-25T23:55:14-07:00,2,27
index.html,18,html,73c17d1a,leen324,2025-10-25,23:55:14,-07:00,2025-10-25T23:55:14-07:00,4,22
index.html,19,html,73c17d1a,leen324,2025-10-25,23:55:14,-07:00,2025-10-25T23:55:14-07:00,4,7
index.html,20,html,73c17d1a,leen324,2025-10-25,23:55:14,-07:00,2025-10-25T23:55:14-07:00,2,8
index.html,21,html,bbe8b952,leen324,2025-10-26,00:43:41,-07:00,2025-10-26T00:43:41-07:00,0,0
index.html,22,html,bbe8b952,leen324,2025-10-26,00:43:41,-07:00,2025-10-26T00:43:41-07:00,2,22
index.html,23,html,bbe8b952,leen324,2025-10-26,00:43:41,-07:00,2025-10-26T00:43:41-07:00,2,20
index.html,24,html,bbe8b952,leen324,2025-10-26,00:43:41,-07:00,2025-10-26T00:43:41-07:00,0,0
index.html,25,html,bbe8b952,leen324,2025-10-26,00:43:41,-07:00,2025-10-26T00:43:41-07:00,2,4
index.html,26,html,73c17d1a,leen324,2025-10-25,23:55:14,-07:00,2025-10-25T23:55:14-07:00,0,0
index.html,27,html,73c17d1a,leen324,2025-10-25,23:55:14,-07:00,2025-10-25T23:55:14-07:00,2,27
index.html,28,html,73c17d1a,leen324,2025-10-25,23:55:14,-07:00,2025-10-25T23:55:14-07:00,3,22
index.html,29,html,73c17d1a,leen324,2025-10-25,23:55:14,-07:00,2025-10-25T23:55:14-07:00,4,35
index.html,30,html,73c17d1a,leen324,2025-10-25,23:55:14,-07:00,2025-10-25T23:55:14-07:00,3,4
index.html,31,html,73c17d1a,leen324,2025-10-25,23:55:14,-07:00,2025-10-25T23:55:14-07:00,2,8
index.html,32,html,73c17d1a,leen324,2025-10-25,23:55:14,-07:00,2025-10-25T23:55:14-07:00,0,0
index.html,33,html,73c17d1a,leen324,2025-10-25,23:55:14,-07:00,2025-10-25T23:55:14-07:00,2,45
index.html,34,html,73c17d1a,leen324,2025-10-25,23:55:14,-07:00,2025-10-25T23:55:14-07:00,2,46
index.html,35,html,0443aca4,leen324,2025-10-11,18:57:58,-07:00,2025-10-11T18:57:58-07:00,0,0
index.html,36,html,315d493c,leen324,2025-10-11,17:08:40,-07:00,2025-10-11T17:08:40-07:00,0,5
index.html,37,html,315d493c,leen324,2025-10-11,17:08:40,-07:00,2025-10-11T17:08:40-07:00,0,5
global.js,1,js,ce9bc518,leen324,2025-10-18,13:33:14,-07:00,2025-10-18T13:33:14-07:00,0,0
global.js,2,js,ce9bc518,leen324,2025-10-18,13:33:14,-07:00,2025-10-18T13:33:14-07:00,0,41
global.js,3,js,ce9bc518,leen324,2025-10-18,13:33:14,-07:00,2025-10-18T13:33:14-07:00,1,52
global.js,4,js,ce9bc518,leen324,2025-10-18,13:33:14,-07:00,2025-10-18T13:33:14-07:00,0,0
global.js,5,js,ce9bc518,leen324,2025-10-18,13:33:14,-07:00,2025-10-18T13:33:14-07:00,0,0
global.js,6,js,ce9bc518,leen324,2025-10-18,13:33:14,-07:00,2025-10-18T13:33:14-07:00,0,0
global.js,7,js,ce9bc518,leen324,2025-10-18,13:33:14,-07:00,2025-10-18T13:33:14-07:00,0,88
global.js,8,js,ce9bc518,leen324,2025-10-18,13:33:14,-07:00,2025-10-18T13:33:14-07:00,1,36
global.js,9,js,ce9bc518,leen324,2025-10-18,13:33:14,-07:00,2025-10-18T13:33:14-07:00,1,48
global.js,10,js,ce9bc518,leen324,2025-10-18,13:33:14,-07:00,2025-10-18T13:33:14-07:00,0,0
global.js,11,js,ce9bc518,leen324,2025-10-18,13:33:14,-07:00,2025-10-18T13:33:14-07:00,0,30
global.js,12,js,ce9bc518,leen324,2025-10-18,13:33:14,-07:00,2025-10-18T13:33:14-07:00,0,0
global.js,13,js,ce9bc518,leen324,2025-10-18,13:33:14,-07:00,2025-10-18T13:33:14-07:00,0,33
global.js,14,js,ce9bc518,leen324,2025-10-18,13:33:14,-07:00,2025-10-18T13:33:14-07:00,0,71
global.js,15,js,ce9bc518,leen324,2025-10-18,13:33:14,-07:00,2025-10-18T13:33:14-07:00,0,3
global.js,16,js,ce9bc518,leen324,2025-10-18,13:33:14,-07:00,2025-10-18T13:33:14-07:00,0,0
global.js,17,js,ce9bc518,leen324,2025-10-18,13:33:14,-07:00,2025-10-18T13:33:14-07:00,0,39
global.js,18,js,ce9bc518,leen324,2025-10-18,13:33:14,-07:00,2025-10-18T13:33:14-07:00,0,0
global.js,19,js,ce9bc518,leen324,2025-10-18,13:33:14,-07:00,2025-10-18T13:33:14-07:00,0,11
global.js,20,js,ce9bc518,leen324,2025-10-18,13:33:14,-07:00,2025-10-18T13:33:14-07:00,1,35
global.js,21,js,ce9bc518,leen324,2025-10-18,13:33:14,-07:00,2025-10-18T13:33:14-07:00,1,38
global.js,22,js,ce9bc518,leen324,2025-10-18,13:33:14,-07:00,2025-10-18T13:33:14-07:00,1,32
global.js,23,js,ce9bc518,leen324,2025-10-18,13:33:14,-07:00,2025-10-18T13:33:14-07:00,1,49
global.js,24,js,ce9bc518,leen324,2025-10-18,13:33:14,-07:00,2025-10-18T13:33:14-07:00,1,44
global.js,25,js,00000000,Not Committed Yet,2025-11-07,20:52:29,-08:00,2025-11-07T20:52:29-08:00,1,40
global.js,26,js,ce9bc518,leen324,2025-10-18,13:33:14,-07:00,2025-10-18T13:33:14-07:00,1,71
global.js,27,js,ce9bc518,leen324,2025-10-18,13:33:14,-07:00,2025-10-18T13:33:14-07:00,0,0
global.js,28,js,ce9bc518,leen324,2025-10-18,13:33:14,-07:00,2025-10-18T13:33:14-07:00,0,0
global.js,29,js,ce9bc518,leen324,2025-10-18,13:33:14,-07:00,2025-10-18T13:33:14-07:00,0,38
global.js,30,js,ce9bc518,leen324,2025-10-18,13:33:14,-07:00,2025-10-18T13:33:14-07:00,0,25
global.js,31,js,ce9bc518,leen324,2025-10-18,13:33:14,-07:00,2025-10-18T13:33:14-07:00,0,0
global.js,32,js,ce9bc518,leen324,2025-10-18,13:33:14,-07:00,2025-10-18T13:33:14-07:00,0,0
global.js,33,js,ce9bc518,leen324,2025-10-18,13:33:14,-07:00,2025-10-18T13:33:14-07:00,0,20
global.js,34,js,ce9bc518,leen324,2025-10-18,13:33:14,-07:00,2025-10-18T13:33:14-07:00,2,14
global.js,35,js,ce9bc518,leen324,2025-10-18,13:33:14,-07:00,2025-10-18T13:33:14-07:00,2,18
global.js,36,js,ce9bc518,leen324,2025-10-18,13:33:14,-07:00,2025-10-18T13:33:14-07:00,2,42
global.js,37,js,ce9bc518,leen324,2025-10-18,13:33:14,-07:00,2025-10-18T13:33:14-07:00,0,0
global.js,38,js,ce9bc518,leen324,2025-10-18,13:33:14,-07:00,2025-10-18T13:33:14-07:00,2,28
global.js,39,js,ce9bc518,leen324,2025-10-18,13:33:14,-07:00,2025-10-18T13:33:14-07:00,4,20
global.js,40,js,ce9bc518,leen324,2025-10-18,13:33:14,-07:00,2025-10-18T13:33:14-07:00,2,0
global.js,41,js,ce9bc518,leen324,2025-10-18,13:33:14,-07:00,2025-10-18T13:33:14-07:00,0,0
global.js,42,js,ce9bc518,leen324,2025-10-18,13:33:14,-07:00,2025-10-18T13:33:14-07:00,2,34
global.js,43,js,ce9bc518,leen324,2025-10-18,13:33:14,-07:00,2025-10-18T13:33:14-07:00,2,11
global.js,44,js,ce9bc518,leen324,2025-10-18,13:33:14,-07:00,2025-10-18T13:33:14-07:00,2,22
global.js,45,js,ce9bc518,leen324,2025-10-18,13:33:14,-07:00,2025-10-18T13:33:14-07:00,0,0
global.js,46,js,ce9bc518,leen324,2025-10-18,13:33:14,-07:00,2025-10-18T13:33:14-07:00,2,17
global.js,47,js,ce9bc518,leen324,2025-10-18,13:33:14,-07:00,2025-10-18T13:33:14-07:00,4,8
global.js,48,js,ce9bc518,leen324,2025-10-18,13:33:14,-07:00,2025-10-18T13:33:14-07:00,4,59
global.js,49,js,ce9bc518,leen324,2025-10-18,13:33:14,-07:00,2025-10-18T13:33:14-07:00,2,0
global.js,50,js,ce9bc518,leen324,2025-10-18,13:33:14,-07:00,2025-10-18T13:33:14-07:00,0,0
global.js,51,js,ce9bc518,leen324,2025-10-18,13:33:14,-07:00,2025-10-18T13:33:14-07:00,2,12
global.js,52,js,ce9bc518,leen324,2025-10-18,13:33:14,-07:00,2025-10-18T13:33:14-07:00,0,0
global.js,53,js,ce9bc518,leen324,2025-10-18,13:33:14,-07:00,2025-10-18T13:33:14-07:00,2,52
global.js,54,js,ce9bc518,leen324,2025-10-18,13:33:14,-07:00,2025-10-18T13:33:14-07:00,0,0
global.js,55,js,ce9bc518,leen324,2025-10-18,13:33:14,-07:00,2025-10-18T13:33:14-07:00,0,0
global.js,56,js,ce9bc518,leen324,2025-10-18,13:33:14,-07:00,2025-10-18T13:33:14-07:00,0,0
global.js,57,js,3d04dc36,leen324,2025-10-18,14:08:03,-07:00,2025-10-18T14:08:03-07:00,0,0
global.js,58,js,ce9bc518,leen324,2025-10-18,13:33:14,-07:00,2025-10-18T13:33:14-07:00,0,31
global.js,59,js,ce9bc518,leen324,2025-10-18,13:33:14,-07:00,2025-10-18T13:33:14-07:00,1,11
global.js,60,js,3d04dc36,leen324,2025-10-18,14:08:03,-07:00,2025-10-18T14:08:03-07:00,1,0
global.js,61,js,3d04dc36,leen324,2025-10-18,14:08:03,-07:00,2025-10-18T14:08:03-07:00,0,26
global.js,62,js,ce9bc518,leen324,2025-10-18,13:33:14,-07:00,2025-10-18T13:33:14-07:00,0,4
global.js,63,js,ce9bc518,leen324,2025-10-18,13:33:14,-07:00,2025-10-18T13:33:14-07:00,0,6
global.js,64,js,3d04dc36,leen324,2025-10-18,14:08:03,-07:00,2025-10-18T14:08:03-07:00,0,38
global.js,65,js,3d04dc36,leen324,2025-10-18,14:08:03,-07:00,2025-10-18T14:08:03-07:00,6,43
global.js,66,js,3d04dc36,leen324,2025-10-18,14:08:03,-07:00,2025-10-18T14:08:03-07:00,0,34
global.js,67,js,3d04dc36,leen324,2025-10-18,14:08:03,-07:00,2025-10-18T14:08:03-07:00,6,32
global.js,68,js,ce9bc518,leen324,2025-10-18,13:33:14,-07:00,2025-10-18T13:33:14-07:00,0,0
global.js,69,js,ce9bc518,leen324,2025-10-18,13:33:14,-07:00,2025-10-18T13:33:14-07:00,0,7
global.js,70,js,3d04dc36,leen324,2025-10-18,14:08:03,-07:00,2025-10-18T14:08:03-07:00,0,8
global.js,71,js,ce9bc518,leen324,2025-10-18,13:33:14,-07:00,2025-10-18T13:33:14-07:00,0,0
global.js,72,js,ce9bc518,leen324,2025-10-18,13:33:14,-07:00,2025-10-18T13:33:14-07:00,0,0
global.js,73,js,3d04dc36,leen324,2025-10-18,14:08:03,-07:00,2025-10-18T14:08:03-07:00,0,58
global.js,74,js,ce9bc518,leen324,2025-10-18,13:33:14,-07:00,2025-10-18T13:33:14-07:00,0,0
global.js,75,js,3d04dc36,leen324,2025-10-18,14:08:03,-07:00,2025-10-18T14:08:03-07:00,0,34
global.js,76,js,3d04dc36,leen324,2025-10-18,14:08:03,-07:00,2025-10-18T14:08:03-07:00,1,83
global.js,77,js,3d04dc36,leen324,2025-10-18,14:08:03,-07:00,2025-10-18T14:08:03-07:00,1,38
global.js,78,js,3d04dc36,leen324,2025-10-18,14:08:03,-07:00,2025-10-18T14:08:03-07:00,0,0
global.js,79,js,3d04dc36,leen324,2025-10-18,14:08:03,-07:00,2025-10-18T14:08:03-07:00,0,0
global.js,80,js,3d04dc36,leen324,2025-10-18,14:08:03,-07:00,2025-10-18T14:08:03-07:00,0,49
global.js,81,js,3d04dc36,leen324,2025-10-18,14:08:03,-07:00,2025-10-18T14:08:03-07:00,1,57
global.js,82,js,3d04dc36,leen324,2025-10-18,14:08:03,-07:00,2025-10-18T14:08:03-07:00,1,0
global.js,83,js,3d04dc36,leen324,2025-10-18,14:08:03,-07:00,2025-10-18T14:08:03-07:00,1,77
global.js,84,js,ce9bc518,leen324,2025-10-18,13:33:14,-07:00,2025-10-18T13:33:14-07:00,0,0
global.js,85,js,3d04dc36,leen324,2025-10-18,14:08:03,-07:00,2025-10-18T14:08:03-07:00,1,43
global.js,86,js,ce9bc518,leen324,2025-10-18,13:33:14,-07:00,2025-10-18T13:33:14-07:00,0,0
global.js,87,js,3d04dc36,leen324,2025-10-18,14:08:03,-07:00,2025-10-18T14:08:03-07:00,0,1
global.js,88,js,ce9bc518,leen324,2025-10-18,13:33:14,-07:00,2025-10-18T13:33:14-07:00,0,0
global.js,89,js,ce9bc518,leen324,2025-10-18,13:33:14,-07:00,2025-10-18T13:33:14-07:00,0,0
global.js,90,js,73c17d1a,leen324,2025-10-25,23:55:14,-07:00,2025-10-25T23:55:14-07:00,0,29
global.js,91,js,73c17d1a,leen324,2025-10-25,23:55:14,-07:00,2025-10-25T23:55:14-07:00,0,0
global.js,92,js,73c17d1a,leen324,2025-10-25,23:55:14,-07:00,2025-10-25T23:55:14-07:00,0,36
global.js,93,js,73c17d1a,leen324,2025-10-25,23:55:14,-07:00,2025-10-25T23:55:14-07:00,1,3
global.js,94,js,73c17d1a,leen324,2025-10-25,23:55:14,-07:00,2025-10-25T23:55:14-07:00,2,39
global.js,95,js,73c17d1a,leen324,2025-10-25,23:55:14,-07:00,2025-10-25T23:55:14-07:00,2,32
global.js,96,js,73c17d1a,leen324,2025-10-25,23:55:14,-07:00,2025-10-25T23:55:14-07:00,2,20
global.js,97,js,73c17d1a,leen324,2025-10-25,23:55:14,-07:00,2025-10-25T23:55:14-07:00,0,0
global.js,98,js,73c17d1a,leen324,2025-10-25,23:55:14,-07:00,2025-10-25T23:55:14-07:00,2,17
global.js,99,js,73c17d1a,leen324,2025-10-25,23:55:14,-07:00,2025-10-25T23:55:14-07:00,3,66
global.js,100,js,73c17d1a,leen324,2025-10-25,23:55:14,-07:00,2025-10-25T23:55:14-07:00,2,0
global.js,101,js,73c17d1a,leen324,2025-10-25,23:55:14,-07:00,2025-10-25T23:55:14-07:00,0,0
global.js,102,js,73c17d1a,leen324,2025-10-25,23:55:14,-07:00,2025-10-25T23:55:14-07:00,2,33
global.js,103,js,73c17d1a,leen324,2025-10-25,23:55:14,-07:00,2025-10-25T23:55:14-07:00,2,10
global.js,104,js,73c17d1a,leen324,2025-10-25,23:55:14,-07:00,2025-10-25T23:55:14-07:00,2,0
global.js,105,js,73c17d1a,leen324,2025-10-25,23:55:14,-07:00,2025-10-25T23:55:14-07:00,1,15
global.js,106,js,73c17d1a,leen324,2025-10-25,23:55:14,-07:00,2025-10-25T23:55:14-07:00,2,59
global.js,107,js,73c17d1a,leen324,2025-10-25,23:55:14,-07:00,2025-10-25T23:55:14-07:00,1,0
global.js,108,js,73c17d1a,leen324,2025-10-25,23:55:14,-07:00,2025-10-25T23:55:14-07:00,0,0
global.js,109,js,73c17d1a,leen324,2025-10-25,23:55:14,-07:00,2025-10-25T23:55:14-07:00,0,0
global.js,110,js,73c17d1a,leen324,2025-10-25,23:55:14,-07:00,2025-10-25T23:55:14-07:00,0,79
global.js,111,js,73c17d1a,leen324,2025-10-25,23:55:14,-07:00,2025-10-25T23:55:14-07:00,1,30
global.js,112,js,73c17d1a,leen324,2025-10-25,23:55:14,-07:00,2025-10-25T23:55:14-07:00,0,0
global.js,113,js,73c17d1a,leen324,2025-10-25,23:55:14,-07:00,2025-10-25T23:55:14-07:00,1,67
global.js,114,js,73c17d1a,leen324,2025-10-25,23:55:14,-07:00,2025-10-25T23:55:14-07:00,0,0
global.js,115,js,73c17d1a,leen324,2025-10-25,23:55:14,-07:00,2025-10-25T23:55:14-07:00,1,31
global.js,116,js,73c17d1a,leen324,2025-10-25,23:55:14,-07:00,2025-10-25T23:55:14-07:00,2,48
global.js,117,js,73c17d1a,leen324,2025-10-25,23:55:14,-07:00,2025-10-25T23:55:14-07:00,2,19
global.js,118,js,73c17d1a,leen324,2025-10-25,23:55:14,-07:00,2025-10-25T23:55:14-07:00,3,49
global.js,119,js,73c17d1a,leen324,2025-10-25,23:55:14,-07:00,2025-10-25T23:55:14-07:00,3,49
global.js,120,js,61d83e14,leen324,2025-10-31,21:24:15,-07:00,2025-10-31T21:24:15-07:00,3,27
global.js,121,js,61d83e14,leen324,2025-10-31,21:24:15,-07:00,2025-10-31T21:24:15-07:00,4,47
global.js,122,js,61d83e14,leen324,2025-10-31,21:24:15,-07:00,2025-10-31T21:24:15-07:00,4,66
global.js,123,js,61d83e14,leen324,2025-10-31,21:24:15,-07:00,2025-10-31T21:24:15-07:00,3,4
global.js,124,js,73c17d1a,leen324,2025-10-25,23:55:14,-07:00,2025-10-25T23:55:14-07:00,2,0
global.js,125,js,73c17d1a,leen324,2025-10-25,23:55:14,-07:00,2025-10-25T23:55:14-07:00,2,36
global.js,126,js,73c17d1a,leen324,2025-10-25,23:55:14,-07:00,2025-10-25T23:55:14-07:00,1,1
global.js,127,js,73c17d1a,leen324,2025-10-25,23:55:14,-07:00,2025-10-25T23:55:14-07:00,0,0
global.js,128,js,73c17d1a,leen324,2025-10-25,23:55:14,-07:00,2025-10-25T23:55:14-07:00,0,0
global.js,129,js,73c17d1a,leen324,2025-10-25,23:55:14,-07:00,2025-10-25T23:55:14-07:00,0,19
global.js,130,js,73c17d1a,leen324,2025-10-25,23:55:14,-07:00,2025-10-25T23:55:14-07:00,0,47
global.js,131,js,73c17d1a,leen324,2025-10-25,23:55:14,-07:00,2025-10-25T23:55:14-07:00,1,22
global.js,132,js,73c17d1a,leen324,2025-10-25,23:55:14,-07:00,2025-10-25T23:55:14-07:00,1,59
global.js,133,js,73c17d1a,leen324,2025-10-25,23:55:14,-07:00,2025-10-25T23:55:14-07:00,0,0
global.js,134,js,73c17d1a,leen324,2025-10-25,23:55:14,-07:00,2025-10-25T23:55:14-07:00,0,0
resume/index.html,1,html,4546f52a,leen324,2025-10-11,19:25:30,-07:00,2025-10-11T19:25:30-07:00,0,13
resume/index.html,2,html,4546f52a,leen324,2025-10-11,19:25:30,-07:00,2025-10-11T19:25:30-07:00,0,14
resume/index.html,3,html,4546f52a,leen324,2025-10-11,19:25:30,-07:00,2025-10-11T19:25:30-07:00,0,4
resume/index.html,4,html,4546f52a,leen324,2025-10-11,19:25:30,-07:00,2025-10-11T19:25:30-07:00,2,20
resume/index.html,5,html,4546f52a,leen324,2025-10-11,19:25:30,-07:00,2025-10-11T19:25:30-07:00,2,68
resume/index.html,6,html,4546f52a,leen324,2025-10-11,19:25:30,-07:00,2025-10-11T19:25:30-07:00,2,51
resume/index.html,7,html,4546f52a,leen324,2025-10-11,19:25:30,-07:00,2025-10-11T19:25:30-07:00,2,19
resume/index.html,8,html,dc6a07f1,leen324,2025-10-11,20:51:19,-07:00,2025-10-11T20:51:19-07:00,2,41
resume/index.html,9,html,dc6a07f1,leen324,2025-10-11,20:51:19,-07:00,2025-10-11T20:51:19-07:00,0,0
resume/index.html,10,html,4546f52a,leen324,2025-10-11,19:25:30,-07:00,2025-10-11T19:25:30-07:00,0,5
resume/index.html,11,html,bd330f43,leen324,2025-10-11,21:36:34,-07:00,2025-10-11T21:36:34-07:00,0,19
resume/index.html,12,html,ce9bc518,leen324,2025-10-18,13:33:14,-07:00,2025-10-18T13:33:14-07:00,2,8
resume/index.html,13,html,bd330f43,leen324,2025-10-11,21:36:34,-07:00,2025-10-11T21:36:34-07:00,4,35
resume/index.html,14,html,bd330f43,leen324,2025-10-11,21:36:34,-07:00,2025-10-11T21:36:34-07:00,4,43
resume/index.html,15,html,bd330f43,leen324,2025-10-11,21:36:34,-07:00,2025-10-11T21:36:34-07:00,4,44
resume/index.html,16,html,ce9bc518,leen324,2025-10-18,13:33:14,-07:00,2025-10-18T13:33:14-07:00,4,39
resume/index.html,17,html,4546f52a,leen324,2025-10-11,19:25:30,-07:00,2025-10-11T19:25:30-07:00,4,64
resume/index.html,18,html,ce9bc518,leen324,2025-10-18,13:33:14,-07:00,2025-10-18T13:33:14-07:00,2,8
resume/index.html,19,html,4546f52a,leen324,2025-10-11,19:25:30,-07:00,2025-10-11T19:25:30-07:00,2,6
resume/index.html,20,html,4546f52a,leen324,2025-10-11,19:25:30,-07:00,2025-10-11T19:25:30-07:00,4,16
resume/index.html,21,html,4546f52a,leen324,2025-10-11,19:25:30,-07:00,2025-10-11T19:25:30-07:00,4,43
resume/index.html,22,html,4546f52a,leen324,2025-10-11,19:25:30,-07:00,2025-10-11T19:25:30-07:00,2,7
resume/index.html,23,html,4546f52a,leen324,2025-10-11,19:25:30,-07:00,2025-10-11T19:25:30-07:00,0,0
resume/index.html,24,html,4546f52a,leen324,2025-10-11,19:25:30,-07:00,2025-10-11T19:25:30-07:00,2,7
resume/index.html,25,html,4546f52a,leen324,2025-10-11,19:25:30,-07:00,2025-10-11T19:25:30-07:00,4,6
resume/index.html,26,html,4546f52a,leen324,2025-10-11,19:25:30,-07:00,2025-10-11T19:25:30-07:00,6,14
resume/index.html,27,html,4546f52a,leen324,2025-10-11,19:25:30,-07:00,2025-10-11T19:25:30-07:00,4,7
resume/index.html,28,html,4546f52a,leen324,2025-10-11,19:25:30,-07:00,2025-10-11T19:25:30-07:00,4,351
resume/index.html,29,html,4546f52a,leen324,2025-10-11,19:25:30,-07:00,2025-10-11T19:25:30-07:00,2,8
resume/index.html,30,html,4546f52a,leen324,2025-10-11,19:25:30,-07:00,2025-10-11T19:25:30-07:00,0,0
resume/index.html,31,html,4546f52a,leen324,2025-10-11,19:25:30,-07:00,2025-10-11T19:25:30-07:00,2,7
resume/index.html,32,html,4546f52a,leen324,2025-10-11,19:25:30,-07:00,2025-10-11T19:25:30-07:00,4,6
resume/index.html,33,html,4546f52a,leen324,2025-10-11,19:25:30,-07:00,2025-10-11T19:25:30-07:00,6,15
resume/index.html,34,html,4546f52a,leen324,2025-10-11,19:25:30,-07:00,2025-10-11T19:25:30-07:00,4,7
resume/index.html,35,html,4546f52a,leen324,2025-10-11,19:25:30,-07:00,2025-10-11T19:25:30-07:00,4,101
resume/index.html,36,html,4546f52a,leen324,2025-10-11,19:25:30,-07:00,2025-10-11T19:25:30-07:00,2,8
resume/index.html,37,html,4546f52a,leen324,2025-10-11,19:25:30,-07:00,2025-10-11T19:25:30-07:00,0,0
resume/index.html,38,html,4546f52a,leen324,2025-10-11,19:25:30,-07:00,2025-10-11T19:25:30-07:00,2,7
resume/index.html,39,html,4546f52a,leen324,2025-10-11,19:25:30,-07:00,2025-10-11T19:25:30-07:00,4,6
resume/index.html,40,html,4546f52a,leen324,2025-10-11,19:25:30,-07:00,2025-10-11T19:25:30-07:00,6,22
resume/index.html,41,html,4546f52a,leen324,2025-10-11,19:25:30,-07:00,2025-10-11T19:25:30-07:00,4,7
resume/index.html,42,html,4546f52a,leen324,2025-10-11,19:25:30,-07:00,2025-10-11T19:25:30-07:00,0,0
resume/index.html,43,html,4546f52a,leen324,2025-10-11,19:25:30,-07:00,2025-10-11T19:25:30-07:00,4,7
resume/index.html,44,html,4546f52a,leen324,2025-10-11,19:25:30,-07:00,2025-10-11T19:25:30-07:00,6,6
resume/index.html,45,html,4546f52a,leen324,2025-10-11,19:25:30,-07:00,2025-10-11T19:25:30-07:00,8,80
resume/index.html,46,html,4546f52a,leen324,2025-10-11,19:25:30,-07:00,2025-10-11T19:25:30-07:00,8,93
resume/index.html,47,html,4546f52a,leen324,2025-10-11,19:25:30,-07:00,2025-10-11T19:25:30-07:00,6,7
resume/index.html,48,html,4546f52a,leen324,2025-10-11,19:25:30,-07:00,2025-10-11T19:25:30-07:00,6,2
resume/index.html,49,html,4546f52a,leen324,2025-10-11,19:25:30,-07:00,2025-10-11T19:25:30-07:00,8,167
resume/index.html,50,html,4546f52a,leen324,2025-10-11,19:25:30,-07:00,2025-10-11T19:25:30-07:00,8,147
resume/index.html,51,html,4546f52a,leen324,2025-10-11,19:25:30,-07:00,2025-10-11T19:25:30-07:00,6,3
resume/index.html,52,html,4546f52a,leen324,2025-10-11,19:25:30,-07:00,2025-10-11T19:25:30-07:00,4,8
resume/index.html,53,html,4546f52a,leen324,2025-10-11,19:25:30,-07:00,2025-10-11T19:25:30-07:00,0,0
resume/index.html,54,html,4546f52a,leen324,2025-10-11,19:25:30,-07:00,2025-10-11T19:25:30-07:00,4,7
resume/index.html,55,html,4546f52a,leen324,2025-10-11,19:25:30,-07:00,2025-10-11T19:25:30-07:00,8,6
resume/index.html,56,html,4546f52a,leen324,2025-10-11,19:25:30,-07:00,2025-10-11T19:25:30-07:00,10,72
resume/index.html,57,html,4546f52a,leen324,2025-10-11,19:25:30,-07:00,2025-10-11T19:25:30-07:00,10,92
resume/index.html,58,html,4546f52a,leen324,2025-10-11,19:25:30,-07:00,2025-10-11T19:25:30-07:00,8,7
resume/index.html,59,html,4546f52a,leen324,2025-10-11,19:25:30,-07:00,2025-10-11T19:25:30-07:00,8,2
resume/index.html,60,html,4546f52a,leen324,2025-10-11,19:25:30,-07:00,2025-10-11T19:25:30-07:00,10,163
resume/index.html,61,html,4546f52a,leen324,2025-10-11,19:25:30,-07:00,2025-10-11T19:25:30-07:00,10,101
resume/index.html,62,html,4546f52a,leen324,2025-10-11,19:25:30,-07:00,2025-10-11T19:25:30-07:00,8,3
resume/index.html,63,html,4546f52a,leen324,2025-10-11,19:25:30,-07:00,2025-10-11T19:25:30-07:00,6,8
resume/index.html,64,html,4546f52a,leen324,2025-10-11,19:25:30,-07:00,2025-10-11T19:25:30-07:00,2,8
resume/index.html,65,html,4546f52a,leen324,2025-10-11,19:25:30,-07:00,2025-10-11T19:25:30-07:00,0,0
resume/index.html,66,html,ce9bc518,leen324,2025-10-18,13:33:14,-07:00,2025-10-18T13:33:14-07:00,2,48
resume/index.html,67,html,4546f52a,leen324,2025-10-11,19:25:30,-07:00,2025-10-11T19:25:30-07:00,2,0
resume/index.html,68,html,4546f52a,leen324,2025-10-11,19:25:30,-07:00,2025-10-11T19:25:30-07:00,0,5
resume/index.html,69,html,4546f52a,leen324,2025-10-11,19:25:30,-07:00,2025-10-11T19:25:30-07:00,0,5
projects/projects.js,1,js,73c17d1a,leen324,2025-10-25,23:55:14,-07:00,2025-10-25T23:55:14-07:00,0,55
projects/projects.js,2,js,61d83e14,leen324,2025-10-31,21:24:15,-07:00,2025-10-31T21:24:15-07:00,0,63
projects/projects.js,3,js,73c17d1a,leen324,2025-10-25,23:55:14,-07:00,2025-10-25T23:55:14-07:00,0,0
projects/projects.js,4,js,73c17d1a,leen324,2025-10-25,23:55:14,-07:00,2025-10-25T23:55:14-07:00,0,55
projects/projects.js,5,js,73c17d1a,leen324,2025-10-25,23:55:14,-07:00,2025-10-25T23:55:14-07:00,0,60
projects/projects.js,6,js,73c17d1a,leen324,2025-10-25,23:55:14,-07:00,2025-10-25T23:55:14-07:00,0,48
projects/projects.js,7,js,73c17d1a,leen324,2025-10-25,23:55:14,-07:00,2025-10-25T23:55:14-07:00,0,0
projects/projects.js,8,js,0b0ffb42,leen324,2025-10-31,23:22:37,-07:00,2025-10-31T23:22:37-07:00,0,13
projects/projects.js,9,js,0b0ffb42,leen324,2025-10-31,23:22:37,-07:00,2025-10-31T23:22:37-07:00,0,21
projects/projects.js,10,js,0b0ffb42,leen324,2025-10-31,23:22:37,-07:00,2025-10-31T23:22:37-07:00,0,0
projects/projects.js,11,js,61d83e14,leen324,2025-10-31,21:24:15,-07:00,2025-10-31T21:24:15-07:00,0,38
projects/projects.js,12,js,61d83e14,leen324,2025-10-31,21:24:15,-07:00,2025-10-31T21:24:15-07:00,1,29
projects/projects.js,13,js,61d83e14,leen324,2025-10-31,21:24:15,-07:00,2025-10-31T21:24:15-07:00,2,12
projects/projects.js,14,js,61d83e14,leen324,2025-10-31,21:24:15,-07:00,2025-10-31T21:24:15-07:00,2,14
projects/projects.js,15,js,61d83e14,leen324,2025-10-31,21:24:15,-07:00,2025-10-31T21:24:15-07:00,2,12
projects/projects.js,16,js,61d83e14,leen324,2025-10-31,21:24:15,-07:00,2025-10-31T21:24:15-07:00,1,0
projects/projects.js,17,js,61d83e14,leen324,2025-10-31,21:24:15,-07:00,2025-10-31T21:24:15-07:00,1,0
projects/projects.js,18,js,61d83e14,leen324,2025-10-31,21:24:15,-07:00,2025-10-31T21:24:15-07:00,1,47
projects/projects.js,19,js,61d83e14,leen324,2025-10-31,21:24:15,-07:00,2025-10-31T21:24:15-07:00,2,35
projects/projects.js,20,js,61d83e14,leen324,2025-10-31,21:24:15,-07:00,2025-10-31T21:24:15-07:00,1,1
projects/projects.js,21,js,61d83e14,leen324,2025-10-31,21:24:15,-07:00,2025-10-31T21:24:15-07:00,1,0
projects/projects.js,22,js,61d83e14,leen324,2025-10-31,21:24:15,-07:00,2025-10-31T21:24:15-07:00,1,47
projects/projects.js,23,js,61d83e14,leen324,2025-10-31,21:24:15,-07:00,2025-10-31T21:24:15-07:00,1,0
projects/projects.js,24,js,61d83e14,leen324,2025-10-31,21:24:15,-07:00,2025-10-31T21:24:15-07:00,1,57
projects/projects.js,25,js,61d83e14,leen324,2025-10-31,21:24:15,-07:00,2025-10-31T21:24:15-07:00,1,0
projects/projects.js,26,js,61d83e14,leen324,2025-10-31,21:24:15,-07:00,2025-10-31T21:24:15-07:00,1,50
projects/projects.js,27,js,61d83e14,leen324,2025-10-31,21:24:15,-07:00,2025-10-31T21:24:15-07:00,1,33
projects/projects.js,28,js,61d83e14,leen324,2025-10-31,21:24:15,-07:00,2025-10-31T21:24:15-07:00,1,0
projects/projects.js,29,js,61d83e14,leen324,2025-10-31,21:24:15,-07:00,2025-10-31T21:24:15-07:00,1,45
projects/projects.js,30,js,61d83e14,leen324,2025-10-31,21:24:15,-07:00,2025-10-31T21:24:15-07:00,1,0
projects/projects.js,31,js,61d83e14,leen324,2025-10-31,21:24:15,-07:00,2025-10-31T21:24:15-07:00,1,28
projects/projects.js,32,js,61d83e14,leen324,2025-10-31,21:24:15,-07:00,2025-10-31T21:24:15-07:00,1,32
projects/projects.js,33,js,61d83e14,leen324,2025-10-31,21:24:15,-07:00,2025-10-31T21:24:15-07:00,1,0
projects/projects.js,34,js,61d83e14,leen324,2025-10-31,21:24:15,-07:00,2025-10-31T21:24:15-07:00,1,32
projects/projects.js,35,js,61d83e14,leen324,2025-10-31,21:24:15,-07:00,2025-10-31T21:24:15-07:00,1,30
projects/projects.js,36,js,61d83e14,leen324,2025-10-31,21:24:15,-07:00,2025-10-31T21:24:15-07:00,1,0
projects/projects.js,37,js,0b0ffb42,leen324,2025-10-31,23:22:37,-07:00,2025-10-31T23:22:37-07:00,1,24
projects/projects.js,38,js,61d83e14,leen324,2025-10-31,21:24:15,-07:00,2025-10-31T21:24:15-07:00,2,4
projects/projects.js,39,js,61d83e14,leen324,2025-10-31,21:24:15,-07:00,2025-10-31T21:24:15-07:00,3,13
projects/projects.js,40,js,61d83e14,leen324,2025-10-31,21:24:15,-07:00,2025-10-31T21:24:15-07:00,3,13
projects/projects.js,41,js,0b0ffb42,leen324,2025-10-31,23:22:37,-07:00,2025-10-31T23:22:37-07:00,3,22
projects/projects.js,42,js,0b0ffb42,leen324,2025-10-31,23:22:37,-07:00,2025-10-31T23:22:37-07:00,3,25
projects/projects.js,43,js,0b0ffb42,leen324,2025-10-31,23:22:37,-07:00,2025-10-31T23:22:37-07:00,3,18
projects/projects.js,44,js,0b0ffb42,leen324,2025-10-31,23:22:37,-07:00,2025-10-31T23:22:37-07:00,4,43
projects/projects.js,45,js,0b0ffb42,leen324,2025-10-31,23:22:37,-07:00,2025-10-31T23:22:37-07:00,4,0
projects/projects.js,46,js,0b0ffb42,leen324,2025-10-31,23:22:37,-07:00,2025-10-31T23:22:37-07:00,4,22
projects/projects.js,47,js,0b0ffb42,leen324,2025-10-31,23:22:37,-07:00,2025-10-31T23:22:37-07:00,6,24
projects/projects.js,48,js,0b0ffb42,leen324,2025-10-31,23:22:37,-07:00,2025-10-31T23:22:37-07:00,8,56
projects/projects.js,49,js,0b0ffb42,leen324,2025-10-31,23:22:37,-07:00,2025-10-31T23:22:37-07:00,6,0
projects/projects.js,50,js,0b0ffb42,leen324,2025-10-31,23:22:37,-07:00,2025-10-31T23:22:37-07:00,0,0
projects/projects.js,51,js,0b0ffb42,leen324,2025-10-31,23:22:37,-07:00,2025-10-31T23:22:37-07:00,4,4
projects/projects.js,52,js,0b0ffb42,leen324,2025-10-31,23:22:37,-07:00,2025-10-31T23:22:37-07:00,5,14
projects/projects.js,53,js,0b0ffb42,leen324,2025-10-31,23:22:37,-07:00,2025-10-31T23:22:37-07:00,5,24
projects/projects.js,54,js,0b0ffb42,leen324,2025-10-31,23:22:37,-07:00,2025-10-31T23:22:37-07:00,6,60
projects/projects.js,55,js,0b0ffb42,leen324,2025-10-31,23:22:37,-07:00,2025-10-31T23:22:37-07:00,5,0
projects/projects.js,56,js,0b0ffb42,leen324,2025-10-31,23:22:37,-07:00,2025-10-31T23:22:37-07:00,0,0
projects/projects.js,57,js,0b0ffb42,leen324,2025-10-31,23:22:37,-07:00,2025-10-31T23:22:37-07:00,4,25
projects/projects.js,58,js,0b0ffb42,leen324,2025-10-31,23:22:37,-07:00,2025-10-31T23:22:37-07:00,6,47
projects/projects.js,59,js,0b0ffb42,leen324,2025-10-31,23:22:37,-07:00,2025-10-31T23:22:37-07:00,4,6
projects/projects.js,60,js,0b0ffb42,leen324,2025-10-31,23:22:37,-07:00,2025-10-31T23:22:37-07:00,6,43
projects/projects.js,61,js,0b0ffb42,leen324,2025-10-31,23:22:37,-07:00,2025-10-31T23:22:37-07:00,6,61
projects/projects.js,62,js,0b0ffb42,leen324,2025-10-31,23:22:37,-07:00,2025-10-31T23:22:37-07:00,6,48
projects/projects.js,63,js,0b0ffb42,leen324,2025-10-31,23:22:37,-07:00,2025-10-31T23:22:37-07:00,4,0
projects/projects.js,64,js,0b0ffb42,leen324,2025-10-31,23:22:37,-07:00,2025-10-31T23:22:37-07:00,3,1
projects/projects.js,65,js,61d83e14,leen324,2025-10-31,21:24:15,-07:00,2025-10-31T21:24:15-07:00,1,1
projects/projects.js,66,js,61d83e14,leen324,2025-10-31,21:24:15,-07:00,2025-10-31T21:24:15-07:00,1,0
projects/projects.js,67,js,0b0ffb42,leen324,2025-10-31,23:22:37,-07:00,2025-10-31T23:22:37-07:00,1,22
projects/projects.js,68,js,61d83e14,leen324,2025-10-31,21:24:15,-07:00,2025-10-31T21:24:15-07:00,2,4
projects/projects.js,69,js,61d83e14,leen324,2025-10-31,21:24:15,-07:00,2025-10-31T21:24:15-07:00,3,11
projects/projects.js,70,js,61d83e14,leen324,2025-10-31,21:24:15,-07:00,2025-10-31T21:24:15-07:00,3,27
projects/projects.js,71,js,0b0ffb42,leen324,2025-10-31,23:22:37,-07:00,2025-10-31T23:22:37-07:00,3,36
projects/projects.js,72,js,0b0ffb42,leen324,2025-10-31,23:22:37,-07:00,2025-10-31T23:22:37-07:00,3,68
projects/projects.js,73,js,0b0ffb42,leen324,2025-10-31,23:22:37,-07:00,2025-10-31T23:22:37-07:00,3,18
projects/projects.js,74,js,0b0ffb42,leen324,2025-10-31,23:22:37,-07:00,2025-10-31T23:22:37-07:00,4,43
projects/projects.js,75,js,0b0ffb42,leen324,2025-10-31,23:22:37,-07:00,2025-10-31T23:22:37-07:00,0,0
projects/projects.js,76,js,0b0ffb42,leen324,2025-10-31,23:22:37,-07:00,2025-10-31T23:22:37-07:00,4,4
projects/projects.js,77,js,0b0ffb42,leen324,2025-10-31,23:22:37,-07:00,2025-10-31T23:22:37-07:00,5,16
projects/projects.js,78,js,0b0ffb42,leen324,2025-10-31,23:22:37,-07:00,2025-10-31T23:22:37-07:00,5,24
projects/projects.js,79,js,0b0ffb42,leen324,2025-10-31,23:22:37,-07:00,2025-10-31T23:22:37-07:00,6,56
projects/projects.js,80,js,0b0ffb42,leen324,2025-10-31,23:22:37,-07:00,2025-10-31T23:22:37-07:00,5,0
projects/projects.js,81,js,0b0ffb42,leen324,2025-10-31,23:22:37,-07:00,2025-10-31T23:22:37-07:00,0,0
projects/projects.js,82,js,0b0ffb42,leen324,2025-10-31,23:22:37,-07:00,2025-10-31T23:22:37-07:00,4,4
projects/projects.js,83,js,0b0ffb42,leen324,2025-10-31,23:22:37,-07:00,2025-10-31T23:22:37-07:00,5,14
projects/projects.js,84,js,0b0ffb42,leen324,2025-10-31,23:22:37,-07:00,2025-10-31T23:22:37-07:00,5,24
projects/projects.js,85,js,0b0ffb42,leen324,2025-10-31,23:22:37,-07:00,2025-10-31T23:22:37-07:00,6,60
projects/projects.js,86,js,0b0ffb42,leen324,2025-10-31,23:22:37,-07:00,2025-10-31T23:22:37-07:00,5,0
projects/projects.js,87,js,0b0ffb42,leen324,2025-10-31,23:22:37,-07:00,2025-10-31T23:22:37-07:00,0,0
projects/projects.js,88,js,0b0ffb42,leen324,2025-10-31,23:22:37,-07:00,2025-10-31T23:22:37-07:00,4,25
projects/projects.js,89,js,0b0ffb42,leen324,2025-10-31,23:22:37,-07:00,2025-10-31T23:22:37-07:00,5,48
projects/projects.js,90,js,0b0ffb42,leen324,2025-10-31,23:22:37,-07:00,2025-10-31T23:22:37-07:00,4,6
projects/projects.js,91,js,0b0ffb42,leen324,2025-10-31,23:22:37,-07:00,2025-10-31T23:22:37-07:00,5,43
projects/projects.js,92,js,0b0ffb42,leen324,2025-10-31,23:22:37,-07:00,2025-10-31T23:22:37-07:00,5,29
projects/projects.js,93,js,0b0ffb42,leen324,2025-10-31,23:22:37,-07:00,2025-10-31T23:22:37-07:00,6,28
projects/projects.js,94,js,0b0ffb42,leen324,2025-10-31,23:22:37,-07:00,2025-10-31T23:22:37-07:00,5,0
projects/projects.js,95,js,0b0ffb42,leen324,2025-10-31,23:22:37,-07:00,2025-10-31T23:22:37-07:00,5,48
projects/projects.js,96,js,0b0ffb42,leen324,2025-10-31,23:22:37,-07:00,2025-10-31T23:22:37-07:00,4,0
projects/projects.js,97,js,0b0ffb42,leen324,2025-10-31,23:22:37,-07:00,2025-10-31T23:22:37-07:00,3,1
projects/projects.js,98,js,61d83e14,leen324,2025-10-31,21:24:15,-07:00,2025-10-31T21:24:15-07:00,1,1
projects/projects.js,99,js,61d83e14,leen324,2025-10-31,21:24:15,-07:00,2025-10-31T21:24:15-07:00,0,0
projects/projects.js,100,js,73c17d1a,leen324,2025-10-25,23:55:14,-07:00,2025-10-25T23:55:14-07:00,0,0
projects/projects.js,101,js,0b0ffb42,leen324,2025-10-31,23:22:37,-07:00,2025-10-31T23:22:37-07:00,0,0
projects/projects.js,102,js,61d83e14,leen324,2025-10-31,21:24:15,-07:00,2025-10-31T21:24:15-07:00,0,23
projects/projects.js,103,js,73c17d1a,leen324,2025-10-25,23:55:14,-07:00,2025-10-25T23:55:14-07:00,0,0
projects/projects.js,104,js,61d83e14,leen324,2025-10-31,21:24:15,-07:00,2025-10-31T21:24:15-07:00,0,53
projects/projects.js,105,js,61d83e14,leen324,2025-10-31,21:24:15,-07:00,2025-10-31T21:24:15-07:00,0,48
projects/projects.js,106,js,61d83e14,leen324,2025-10-31,21:24:15,-07:00,2025-10-31T21:24:15-07:00,1,25
projects/projects.js,107,js,0b0ffb42,leen324,2025-10-31,23:22:37,-07:00,2025-10-31T23:22:37-07:00,0,0
projects/projects.js,108,js,0b0ffb42,leen324,2025-10-31,23:22:37,-07:00,2025-10-31T23:22:37-07:00,1,17
projects/projects.js,109,js,61d83e14,leen324,2025-10-31,21:24:15,-07:00,2025-10-31T21:24:15-07:00,1,0
projects/projects.js,110,js,61d83e14,leen324,2025-10-31,21:24:15,-07:00,2025-10-31T21:24:15-07:00,1,51
projects/projects.js,111,js,61d83e14,leen324,2025-10-31,21:24:15,-07:00,2025-10-31T21:24:15-07:00,2,59
projects/projects.js,112,js,61d83e14,leen324,2025-10-31,21:24:15,-07:00,2025-10-31T21:24:15-07:00,2,42
projects/projects.js,113,js,61d83e14,leen324,2025-10-31,21:24:15,-07:00,2025-10-31T21:24:15-07:00,1,1
projects/projects.js,114,js,61d83e14,leen324,2025-10-31,21:24:15,-07:00,2025-10-31T21:24:15-07:00,1,0
projects/projects.js,115,js,61d83e14,leen324,2025-10-31,21:24:15,-07:00,2025-10-31T21:24:15-07:00,1,56
projects/projects.js,116,js,61d83e14,leen324,2025-10-31,21:24:15,-07:00,2025-10-31T21:24:15-07:00,1,0
projects/projects.js,117,js,61d83e14,leen324,2025-10-31,21:24:15,-07:00,2025-10-31T21:24:15-07:00,1,31
projects/projects.js,118,js,61d83e14,leen324,2025-10-31,21:24:15,-07:00,2025-10-31T21:24:15-07:00,0,1
projects/index.html,1,html,0443aca4,leen324,2025-10-11,18:57:58,-07:00,2025-10-11T18:57:58-07:00,0,13
projects/index.html,2,html,0443aca4,leen324,2025-10-11,18:57:58,-07:00,2025-10-11T18:57:58-07:00,0,14
projects/index.html,3,html,0443aca4,leen324,2025-10-11,18:57:58,-07:00,2025-10-11T18:57:58-07:00,0,4
projects/index.html,4,html,0443aca4,leen324,2025-10-11,18:57:58,-07:00,2025-10-11T18:57:58-07:00,2,20
projects/index.html,5,html,0443aca4,leen324,2025-10-11,18:57:58,-07:00,2025-10-11T18:57:58-07:00,2,68
projects/index.html,6,html,0443aca4,leen324,2025-10-11,18:57:58,-07:00,2025-10-11T18:57:58-07:00,2,51
projects/index.html,7,html,0443aca4,leen324,2025-10-11,18:57:58,-07:00,2025-10-11T18:57:58-07:00,2,21
projects/index.html,8,html,dc6a07f1,leen324,2025-10-11,20:51:19,-07:00,2025-10-11T20:51:19-07:00,2,41
projects/index.html,9,html,0443aca4,leen324,2025-10-11,18:57:58,-07:00,2025-10-11T18:57:58-07:00,0,5
projects/index.html,10,html,0443aca4,leen324,2025-10-11,18:57:58,-07:00,2025-10-11T18:57:58-07:00,0,4
projects/index.html,11,html,0443aca4,leen324,2025-10-11,18:57:58,-07:00,2025-10-11T18:57:58-07:00,0,0
projects/index.html,12,html,61d83e14,leen324,2025-10-31,21:24:15,-07:00,2025-10-31T21:24:15-07:00,2,15
projects/index.html,13,html,ce9bc518,leen324,2025-10-18,13:33:14,-07:00,2025-10-18T13:33:14-07:00,0,0
projects/index.html,14,html,61d83e14,leen324,2025-10-31,21:24:15,-07:00,2025-10-31T21:24:15-07:00,2,21
projects/index.html,15,html,61d83e14,leen324,2025-10-31,21:24:15,-07:00,2025-10-31T21:24:15-07:00,4,54
projects/index.html,16,html,61d83e14,leen324,2025-10-31,21:24:15,-07:00,2025-10-31T21:24:15-07:00,4,22
projects/index.html,17,html,73c17d1a,leen324,2025-10-25,23:55:14,-07:00,2025-10-25T23:55:14-07:00,2,4
projects/index.html,18,html,61d83e14,leen324,2025-10-31,21:24:15,-07:00,2025-10-31T21:24:15-07:00,0,0
projects/index.html,19,html,61d83e14,leen324,2025-10-31,21:24:15,-07:00,2025-10-31T21:24:15-07:00,2,4
projects/index.html,20,html,61d83e14,leen324,2025-10-31,21:24:15,-07:00,2025-10-31T21:24:15-07:00,4,15
projects/index.html,21,html,61d83e14,leen324,2025-10-31,21:24:15,-07:00,2025-10-31T21:24:15-07:00,4,11
projects/index.html,22,html,61d83e14,leen324,2025-10-31,21:24:15,-07:00,2025-10-31T21:24:15-07:00,4,26
projects/index.html,23,html,61d83e14,leen324,2025-10-31,21:24:15,-07:00,2025-10-31T21:24:15-07:00,4,31
projects/index.html,24,html,61d83e14,leen324,2025-10-31,21:24:15,-07:00,2025-10-31T21:24:15-07:00,2,0
projects/index.html,25,html,61d83e14,leen324,2025-10-31,21:24:15,-07:00,2025-10-31T21:24:15-07:00,0,0
projects/index.html,26,html,61d83e14,leen324,2025-10-31,21:24:15,-07:00,2025-10-31T21:24:15-07:00,2,26
projects/index.html,27,html,61d83e14,leen324,2025-10-31,21:24:15,-07:00,2025-10-31T21:24:15-07:00,2,48
projects/index.html,28,html,61d83e14,leen324,2025-10-31,21:24:15,-07:00,2025-10-31T21:24:15-07:00,2,47
projects/index.html,29,html,61d83e14,leen324,2025-10-31,21:24:15,-07:00,2025-10-31T21:24:15-07:00,0,0
projects/index.html,30,html,61d83e14,leen324,2025-10-31,21:24:15,-07:00,2025-10-31T21:24:15-07:00,2,0
projects/index.html,31,html,61d83e14,leen324,2025-10-31,21:24:15,-07:00,2025-10-31T21:24:15-07:00,2,0
projects/index.html,32,html,61d83e14,leen324,2025-10-31,21:24:15,-07:00,2025-10-31T21:24:15-07:00,2,0
projects/index.html,33,html,73c17d1a,leen324,2025-10-25,23:55:14,-07:00,2025-10-25T23:55:14-07:00,2,0
projects/index.html,34,html,0443aca4,leen324,2025-10-11,18:57:58,-07:00,2025-10-11T18:57:58-07:00,0,5
projects/index.html,35,html,0443aca4,leen324,2025-10-11,18:57:58,-07:00,2025-10-11T18:57:58-07:00,0,5
contact/index.html,1,html,0443aca4,leen324,2025-10-11,18:57:58,-07:00,2025-10-11T18:57:58-07:00,0,13
contact/index.html,2,html,0443aca4,leen324,2025-10-11,18:57:58,-07:00,2025-10-11T18:57:58-07:00,0,14
contact/index.html,3,html,0443aca4,leen324,2025-10-11,18:57:58,-07:00,2025-10-11T18:57:58-07:00,0,0
contact/index.html,4,html,0443aca4,leen324,2025-10-11,18:57:58,-07:00,2025-10-11T18:57:58-07:00,0,4
contact/index.html,5,html,0443aca4,leen324,2025-10-11,18:57:58,-07:00,2025-10-11T18:57:58-07:00,2,20
contact/index.html,6,html,0443aca4,leen324,2025-10-11,18:57:58,-07:00,2025-10-11T18:57:58-07:00,2,68
contact/index.html,7,html,0443aca4,leen324,2025-10-11,18:57:58,-07:00,2025-10-11T18:57:58-07:00,2,51
contact/index.html,8,html,0443aca4,leen324,2025-10-11,18:57:58,-07:00,2025-10-11T18:57:58-07:00,2,25
contact/index.html,9,html,dc6a07f1,leen324,2025-10-11,20:51:19,-07:00,2025-10-11T20:51:19-07:00,2,41
contact/index.html,10,html,dc6a07f1,leen324,2025-10-11,20:51:19,-07:00,2025-10-11T20:51:19-07:00,0,0
contact/index.html,11,html,0443aca4,leen324,2025-10-11,18:57:58,-07:00,2025-10-11T18:57:58-07:00,0,5
contact/index.html,12,html,0443aca4,leen324,2025-10-11,18:57:58,-07:00,2025-10-11T18:57:58-07:00,0,4
contact/index.html,13,html,ce9bc518,leen324,2025-10-18,13:33:14,-07:00,2025-10-18T13:33:14-07:00,2,8
contact/index.html,14,html,1e22cf98,leen324,2025-10-11,21:40:57,-07:00,2025-10-11T21:40:57-07:00,4,35
contact/index.html,15,html,bd330f43,leen324,2025-10-11,21:36:34,-07:00,2025-10-11T21:36:34-07:00,4,43
contact/index.html,16,html,ce9bc518,leen324,2025-10-18,13:33:14,-07:00,2025-10-18T13:33:14-07:00,4,44
contact/index.html,17,html,bd330f43,leen324,2025-10-11,21:36:34,-07:00,2025-10-11T21:36:34-07:00,4,39
contact/index.html,18,html,0443aca4,leen324,2025-10-11,18:57:58,-07:00,2025-10-11T18:57:58-07:00,4,64
contact/index.html,19,html,ce9bc518,leen324,2025-10-18,13:33:14,-07:00,2025-10-18T13:33:14-07:00,2,8
contact/index.html,20,html,dc6a07f1,leen324,2025-10-11,20:51:19,-07:00,2025-10-11T20:51:19-07:00,0,0
contact/index.html,21,html,0443aca4,leen324,2025-10-11,18:57:58,-07:00,2025-10-11T18:57:58-07:00,2,18
contact/index.html,22,html,0443aca4,leen324,2025-10-11,18:57:58,-07:00,2025-10-11T18:57:58-07:00,0,0
contact/index.html,23,html,0443aca4,leen324,2025-10-11,18:57:58,-07:00,2025-10-11T18:57:58-07:00,2,69
contact/index.html,24,html,0443aca4,leen324,2025-10-11,18:57:58,-07:00,2025-10-11T18:57:58-07:00,4,19
contact/index.html,25,html,0443aca4,leen324,2025-10-11,18:57:58,-07:00,2025-10-11T18:57:58-07:00,6,31
contact/index.html,26,html,0443aca4,leen324,2025-10-11,18:57:58,-07:00,2025-10-11T18:57:58-07:00,4,6
contact/index.html,27,html,0443aca4,leen324,2025-10-11,18:57:58,-07:00,2025-10-11T18:57:58-07:00,4,19
contact/index.html,28,html,0443aca4,leen324,2025-10-11,18:57:58,-07:00,2025-10-11T18:57:58-07:00,6,20
contact/index.html,29,html,0443aca4,leen324,2025-10-11,18:57:58,-07:00,2025-10-11T18:57:58-07:00,4,6
contact/index.html,30,html,0443aca4,leen324,2025-10-11,18:57:58,-07:00,2025-10-11T18:57:58-07:00,4,18
contact/index.html,31,html,0443aca4,leen324,2025-10-11,18:57:58,-07:00,2025-10-11T18:57:58-07:00,6,31
contact/index.html,32,html,0443aca4,leen324,2025-10-11,18:57:58,-07:00,2025-10-11T18:57:58-07:00,4,6
contact/index.html,33,html,0443aca4,leen324,2025-10-11,18:57:58,-07:00,2025-10-11T18:57:58-07:00,4,22
contact/index.html,34,html,0443aca4,leen324,2025-10-11,18:57:58,-07:00,2025-10-11T18:57:58-07:00,4,0
contact/index.html,35,html,ce9bc518,leen324,2025-10-18,13:33:14,-07:00,2025-10-18T13:33:14-07:00,2,5
contact/index.html,36,html,ce9bc518,leen324,2025-10-18,13:33:14,-07:00,2025-10-18T13:33:14-07:00,2,0
contact/index.html,37,html,ce9bc518,leen324,2025-10-18,13:33:14,-07:00,2025-10-18T13:33:14-07:00,2,48
contact/index.html,38,html,0443aca4,leen324,2025-10-11,18:57:58,-07:00,2025-10-11T18:57:58-07:00,0,0
contact/index.html,39,html,0443aca4,leen324,2025-10-11,18:57:58,-07:00,2025-10-11T18:57:58-07:00,2,5
contact/index.html,40,html,0443aca4,leen324,2025-10-11,18:57:58,-07:00,2025-10-11T18:57:58-07:00,0,5
